<?xml version="1.0" encoding="UTF-8"?>
<beans:beans xmlns="http://www.springframework.org/schema/mvc"
   xmlns:xsi="http://www.w3.org/2001/XMLSchema-instance"
   xmlns:beans="http://www.springframework.org/schema/beans"
   xmlns:context="http://www.springframework.org/schema/context"
   xsi:schemaLocation="http://www.springframework.org/schema/mvc http://www.springframework.org/schema/mvc/spring-mvc.xsd
      http://www.springframework.org/schema/beans http://www.springframework.org/schema/beans/spring-beans.xsd
      http://www.springframework.org/schema/context http://www.springframework.org/schema/context/spring-context.xsd">

	<!-- DispatcherServlet Context: defines this servlet's request-processing 
		infrastructure -->
	<context:component-scan base-package="com.kosmo.athi" />

	<!-- Enables the Spring MVC @Controller programming model -->
	<annotation-driven />

	<!-- Handles HTTP GET requests for /resources/** by efficiently serving 
		up static resources in the ${webappRoot}/resources directory -->
	<resources mapping="/resources/**" location="/resources/" />
	<resources mapping="/common/**" location="/common/" />


	<!-- Resolves views selected for rendering by @Controllers to .jsp resources 
		in the /WEB-INF/views directory -->
	<beans:bean
		class="org.springframework.web.servlet.view.InternalResourceViewResolver">
		<beans:property name="prefix" value="/WEB-INF/views/" />
		<beans:property name="suffix" value=".jsp" />
	</beans:bean>


	<!-- JDBC템플릿 설정 : datasource 빈을 생성함 -->
	<beans:bean name="dataSource" class="org.springframework.jdbc.datasource.DriverManagerDataSource">
		<beans:property name="driverClassName" value="oracle.jdbc.driver.OracleDriver" />
		<beans:property name="url" value="jdbc:oracle:thin:@192.168.0.166:1521:orcl" />
		<beans:property name="username" value="athi" />
		<beans:property name="password" value="1234" />
	</beans:bean>
	<!-- 집에서 할떄 설정 -->
<!-- 	<beans:bean name="dataSource" class="org.springframework.jdbc.datasource.DriverManagerDataSource"> -->
<!-- 		<beans:property name="driverClassName" value="oracle.jdbc.driver.OracleDriver" /> -->
<!-- 		<beans:property name="url" value="jdbc:oracle:thin:@183.109.117.30:30:orcl" /> -->
<!-- 		<beans:property name="username" value="athi" /> -->
<!-- 		<beans:property name="password" value="1234" /> -->
<!-- 	</beans:bean> -->

	<beans:bean name="template" class="org.springframework.jdbc.core.JdbcTemplate">
		<beans:property name="dataSource" ref="dataSource" />
	</beans:bean>
	
	
	<!-- MultipartResolver 설정 -->
	<beans:bean id="multipartResolver" class="org.springframework.web.multipart.commons.CommonsMultipartResolver">
		<beans:property name="maxUploadSize" value="10000000" /> 
		<beans:property name="maxInMemorySize" value="10000000" />
	</beans:bean>
	
	<!-- Email Bean 생성 -->
	<!-- <beans:bean class="">
		
	</beans:bean> -->
	<beans:bean id="mailSender" class="org.springframework.mail.javamail.JavaMailSenderImpl">
		<beans:property name="host" value="smtp.gmail.com" />
		<beans:property name="port" value="587" />
		<beans:property name="defaultEncoding" value="utf-8" />
		<beans:property name="username" value="아이디@gmail.com" />
		<beans:property name="password" value="비밀번호" />
		
		<beans:property name="javaMailProperties">
			<beans:props>
				<beans:prop key="mail.smtp.ssl.trust">smtp.gmail.com</beans:prop>
				<beans:prop key="mail.smtp.startls.enable">true</beans:prop>
				<beans:prop key="mail.smtp.auth">true</beans:prop>
			</beans:props>
		</beans:property>
	</beans:bean>
</beans:beans>
